hostname,port,password
127.0.0.1,80,1234
127.0.0.1,80,1234
127.0.0.1,80,1234
127.0.0.1,80,1234
127.0.0.1,80,1234
127.0.0.1,80,1234
127.0.0.1,80,1234
127.0.0.1,80,1234
127.0.0.1,80,1234
127.0.0.1,80,1234
127.0.0.1,80,1234
127.0.0.1,80,1234
127.0.0.1,80,1234
127.0.0.1,80,1234
127.0.0.1,80,1234
127.0.0.1,80,1234
127.0.0.1,80,1234
127.0.0.1,80,1234
127.0.0.1,80,1234
127.0.0.1,80,1234
127.0.0.1,80,1234
127.0.0.1,80,1234
127.0.0.1,80,1234
127.0.0.1,80,1234
127.0.0.1,80,1234
127.0.0.1,80,1234
127.0.0.1,80,1234
127.0.0.1,80,1234
127.0.0.1,80,1234
127.0.0.1,80,1234
127.0.0.1,80,1234
127.0.0.1,80,1234
127.0.0.1,80,1234
127.0.0.1,80,1234
127.0.0.1,80,1234
127.0.0.1,80,1234
127.0.0.1,80,1234
127.0.0.1,80,1234
127.0.0.1,80,1234
127.0.0.1,80,1234
127.0.0.1,80,1234
127.0.0.1,80,1234
127.0.0.1,80,1234
127.0.0.1,80,1234
127.0.0.1,80,1234
127.0.0.1,80,1234
127.0.0.1,80,1234
127.0.0.1,80,1234
127.0.0.1,80,1234
127.0.0.1,80,1234
127.0.0.1,80,""
127.0.0.1,80,""
127.0.0.1,80,""
127.0.0.1,80,""
127.0.0.1,80,""
127.0.0.1,80,""
127.0.0.1,80,""
127.0.0.1,80,""
127.0.0.1,80,""
127.0.0.1,80,""
127.0.0.1,80,""
127.0.0.1,80,""
127.0.0.1,80,""
127.0.0.1,80,""
127.0.0.1,80,""
127.0.0.1,80,""
127.0.0.1,80,""
127.0.0.1,80,""
127.0.0.1,80,""
127.0.0.1,80,""
127.0.0.1,80,""
127.0.0.1,80,""
127.0.0.1,80,""
127.0.0.1,80,""
127.0.0.1,80,""
127.0.0.1,80,""
127.0.0.1,80,""
127.0.0.1,80,""
127.0.0.1,80,""
127.0.0.1,80,""
127.0.0.1,80,""
127.0.0.1,80,""
127.0.0.1,80,""
127.0.0.1,80,""
127.0.0.1,80,""
127.0.0.1,80,""
127.0.0.1,80,""
127.0.0.1,80,""
127.0.0.1,80,""
127.0.0.1,80,""
127.0.0.1,80,""
127.0.0.1,80,""
127.0.0.1,80,""
127.0.0.1,80,""
127.0.0.1,80,""
127.0.0.1,80,""
127.0.0.1,80,""
127.0.0.1,80,""
127.0.0.1,80,""
127.0.0.1,80,""
127.0.0.1,80,""
127.0.0.1,80,""
127.0.0.1,80,""
127.0.0.1,80,""
127.0.0.1,80,""
127.0.0.1,80,""
127.0.0.1,80,""
127.0.0.1,80,""
127.0.0.1,80,""
127.0.0.1,80,""
127.0.0.1,80,""
127.0.0.1,80,""
127.0.0.1,80,""
127.0.0.1,80,""
127.0.0.1,80,""
127.0.0.1,80,""
127.0.0.1,80,""
0.0.0.0,80,1234
0.0.0.0,80,1234
0.0.0.0,80,1234
0.0.0.0,80,1234
0.0.0.0,80,1234
0.0.0.0,80,1234
nonexistant.tld,80,""
nonexistant.tld,80,""
nonexistant.tld,80,""
nonexistant.tld,80,""
